Imiona,Nazwiska,Pesele,ID kontrolerow,Maile,Lotniska - wczesniejsza praca,Staz,Zarobki ostatniego polrocza
SZYMON,KOZŁOWSKI,80122732456,CID00000,kozłowskiszymon@gmail.com,0,15,69042
ANDRZEJ,ZALEWSKI,80092312272,CID00001,zalewskiandrzej@gmail.com,0,12,69042
MIROSŁAW,SZYMAŃSKI,92091620032,CID00002,szymańskimirosław@gmail.com,2,0,85206
SEBASTIAN,PIETRZAK,97091366898,CID00003,pietrzaksebastian@gmail.com,0,1,69060
KRZYSZTOF,NOWAKOWSKI,93123138671,CID00004,nowakowskikrzysztof@gmail.com,0,2,69054
JUSTYNA,WOŹNIAK,90111527644,CID00005,woźniakjustyna@gmail.com,2,0,84390
DAMIAN,OSTROWSKI,87033078994,CID00006,ostrowskidamian@gmail.com,1,2,77460
STANISŁAW,WITKOWSKI,92043079433,CID00007,witkowskistanisław@gmail.com,1,4,77478
MARIUSZ,MAJEWSKI,81040920736,CID00008,majewskimariusz@gmail.com,1,10,76722
ŁUKASZ,ZAJĄC,89091540819,CID00009,zającłukasz@gmail.com,1,3,75984
SEBASTIAN,OSTROWSKI,86102350094,CID00010,ostrowskisebastian@gmail.com,0,9,71070
SZYMON,MAZUR,83090137173,CID00011,mazurszymon@gmail.com,0,8,69048
JERZY,ADAMCZYK,82012617892,CID00012,adamczykjerzy@gmail.com,0,9,69042
SZYMON,KRAWCZYK,85061179191,CID00013,krawczykszymon@gmail.com,1,3,75984
RAFAŁ,PIETRZAK,93040992312,CID00014,pietrzakrafał@gmail.com,0,2,68382
DANIEL,MAZUR,97112437297,CID00015,mazurdaniel@gmail.com,1,1,72882
ADAM,SZEWCZYK,94061977357,CID00016,szewczykadam@gmail.com,0,0,69048
JACEK,WÓJCIK,89041279118,CID00017,wójcikjacek@gmail.com,2,7,84402
WERONIKA,KOZŁOWSKA,84122114526,CID00018,kozłowskaweronika@gmail.com,2,2,83580
TADEUSZ,MALINOWSKI,87032922737,CID00019,malinowskitadeusz@gmail.com,0,7,69042
BARTOSZ,GRABOWSKI,83040788237,CID00020,grabowskibartosz@gmail.com,2,9,83580
SŁAWOMIR,MICHALSKI,93051663375,CID00021,michalskisławomir@gmail.com,0,3,68382
JAKUB,WÓJCIK,90061186331,CID00022,wójcikjakub@gmail.com,2,2,88548
DARIUSZ,NOWICKI,90060154812,CID00023,nowickidariusz@gmail.com,0,8,69714
ANDRZEJ,OLSZEWSKI,89082246331,CID00024,olszewskiandrzej@gmail.com,0,7,69042
JÓZEF,PAWLAK,85061345796,CID00025,pawlakjózef@gmail.com,0,2,72444
ROBERT,WITKOWSKI,92091499212,CID00026,witkowskirobert@gmail.com,2,3,83580
BARTOSZ,STĘPIEŃ,95022026114,CID00027,stępieńbartosz@gmail.com,0,1,0
KRZYSZTOF,JABŁOŃSKI,961117433910,CID00028,jabłońskikrzysztof@gmail.com,0,3,71754
KRZYSZTOF,NOWICKI,80032671755,CID00029,nowickikrzysztof@gmail.com,1,15,76722
ŁUKASZ,MAZUR,97021239812,CID00030,mazurłukasz@gmail.com,0,3,69048
DAWID,DUDEK,91022840679,CID00031,dudekdawid@gmail.com,0,7,69042
MAREK,BARAN,86060552736,CID00032,baranmarek@gmail.com,0,10,71082
JÓZEF,WRÓBEL,95120752533,CID00033,wróbeljózef@gmail.com,0,3,0
MICHAŁ,SIKORA,90020962037,CID00034,sikoramichał@gmail.com,0,0,68382
DARIUSZ,KWIATKOWSKI,89040650433,CID00035,kwiatkowskidariusz@gmail.com,1,2,76722
ZBIGNIEW,NOWAKOWSKI,90010389259,CID00036,nowakowskizbigniew@gmail.com,0,1,69060
DAWID,WALCZAK,94081182993,CID00037,walczakdawid@gmail.com,0,2,68382
KRZYSZTOF,ZALEWSKI,91031173575,CID00038,zalewskikrzysztof@gmail.com,0,7,69048
SEBASTIAN,JAWORSKI,96081774851,CID00039,jaworskisebastian@gmail.com,1,2,72186
TADEUSZ,KOWALCZYK,911113137710,CID00040,kowalczyktadeusz@gmail.com,0,2,69714
MARCIN,SZYMAŃSKI,930203446510,CID00041,szymańskimarcin@gmail.com,1,3,77478
PAWEŁ,DĄBROWSKI,82082218533,CID00042,dąbrowskipaweł@gmail.com,0,13,70398
MIROSŁAW,PAWLAK,860815261910,CID00043,pawlakmirosław@gmail.com,0,13,68382
STANISŁAW,OSTROWSKI,88101674779,CID00044,ostrowskistanisław@gmail.com,1,5,75984
ANTONI,ZIELIŃSKI,97040251837,CID00045,zielińskiantoni@gmail.com,0,1,68382
URSZULA,GÓRSKA,82031562881,CID00046,górskaurszula@gmail.com,1,1,77472
MAREK,JANKOWSKI,95102987834,CID00047,jankowskimarek@gmail.com,0,1,0
DAMIAN,OSTROWSKI,97123173799,CID00048,ostrowskidamian1@gmail.com,0,1,68382
HALINA,MICHALAK,81102326706,CID00049,michalakhalina@gmail.com,1,10,78210
MATEUSZ,MAZUR,960319429110,CID00050,mazurmateusz@gmail.com,0,0,71748
DARIUSZ,WITKOWSKI,80101532871,CID00051,witkowskidariusz@gmail.com,1,10,75984
IZABELA,DĄBROWSKA,96092533687,CID00052,dąbrowskaizabela@gmail.com,0,4,68382
JADWIGA,GRABOWSKA,80112711489,CID00053,grabowskajadwiga@gmail.com,0,8,68382
KAMIL,WALCZAK,93022678959,CID00054,walczakkamil@gmail.com,0,2,69726
JÓZEF,KWIATKOWSKI,95042734055,CID00055,kwiatkowskijózef@gmail.com,0,1,0
JAROSŁAW,ADAMCZYK,81052082572,CID00056,adamczykjarosław@gmail.com,0,1,69048
MARCIN,ZIELIŃSKI,86032569779,CID00057,zielińskimarcin@gmail.com,1,8,75984
PRZEMYSŁAW,WIECZOREK,82081680054,CID00058,wieczorekprzemysław@gmail.com,1,3,76722
MIROSŁAW,OLSZEWSKI,87020570191,CID00059,olszewskimirosław@gmail.com,1,3,78960
BARTOSZ,TOMASZEWSKI,88011474513,CID00060,tomaszewskibartosz@gmail.com,0,5,68382
PIOTR,NOWAKOWSKI,81080271836,CID00061,nowakowskipiotr@gmail.com,2,5,86862
ARTUR,WIECZOREK,84111376094,CID00062,wieczorekartur@gmail.com,1,11,78972
BARTOSZ,MAZUR,93050439515,CID00063,mazurbartosz@gmail.com,0,7,69708
DARIUSZ,WÓJCIK,85042043776,CID00064,wójcikdariusz@gmail.com,2,9,85200
PATRYK,KOZŁOWSKI,93121415835,CID00065,kozłowskipatryk@gmail.com,1,1,77472
JACEK,WITKOWSKI,83102280057,CID00066,witkowskijacek@gmail.com,1,3,77472
JANUSZ,MAZUR,88061492154,CID00067,mazurjanusz@gmail.com,1,1,76722
WOJCIECH,DUDA,90010624912,CID00068,dudawojciech@gmail.com,2,5,87702
JACEK,KAMIŃSKI,88071623951,CID00069,kamińskijacek@gmail.com,0,7,71070
MARCIN,NOWAK,81042366631,CID00070,nowakmarcin@gmail.com,1,10,78978
KATARZYNA,NOWAK,83072046389,CID00071,nowakkatarzyna@gmail.com,0,7,69714
DAMIAN,MALINOWSKI,92122067737,CID00072,malinowskidamian@gmail.com,0,4,69042
ALEKSANDER,JANKOWSKI,97022872795,CID00073,jankowskialeksander@gmail.com,1,1,74310
JÓZEF,KAMIŃSKI,81100345734,CID00074,kamińskijózef@gmail.com,0,12,68382
ROMAN,KACZMAREK,80123068017,CID00075,kaczmarekroman@gmail.com,2,13,83580
ROMAN,ZALEWSKI,95092810392,CID00076,zalewskiroman@gmail.com,0,4,0
ADAM,RUTKOWSKI,83050160935,CID00077,rutkowskiadam@gmail.com,0,12,71760
MICHAŁ,WRÓBEL,95031311478,CID00078,wróbelmichał@gmail.com,1,1,0
WOJCIECH,GRABOWSKI,82061540879,CID00079,grabowskiwojciech@gmail.com,1,14,75984
PRZEMYSŁAW,NOWAKOWSKI,81120537937,CID00080,nowakowskiprzemysław@gmail.com,1,13,76722
PIOTR,OLSZEWSKI,86073159917,CID00081,olszewskipiotr@gmail.com,0,4,68382
MACIEJ,BARAN,91061824856,CID00082,baranmaciej@gmail.com,0,0,69048
ROMAN,MICHALAK,86102975219,CID00083,michalakroman@gmail.com,0,13,68382
FILIP,NOWICKI,89012239877,CID00084,nowickifilip@gmail.com,0,6,68382
KRZYSZTOF,KRÓL,94031288618,CID00085,królkrzysztof@gmail.com,0,2,68382
RAFAŁ,ZALEWSKI,94032570273,CID00086,zalewskirafał@gmail.com,0,2,68382
KAMIL,PIETRZAK,96071541618,CID00087,pietrzakkamil@gmail.com,0,0,69708
BARTOSZ,BARAN,97010929498,CID00088,baranbartosz@gmail.com,0,3,70392
MARIUSZ,PIETRZAK,97100595475,CID00089,pietrzakmariusz@gmail.com,0,2,69720
ROBERT,JABŁOŃSKI,94051115152,CID00090,jabłońskirobert@gmail.com,0,4,69042
DAMIAN,JABŁOŃSKI,97062054799,CID00091,jabłońskidamian@gmail.com,0,0,69048
WOJCIECH,PAWŁOWSKI,96123098611,CID00092,pawłowskiwojciech@gmail.com,1,0,72882
MAREK,PAWŁOWSKI,81091530353,CID00093,pawłowskimarek@gmail.com,2,5,84390
JERZY,PAWLAK,85010331054,CID00094,pawlakjerzy@gmail.com,2,3,86034
FILIP,KRAWCZYK,96043042138,CID00095,krawczykfilip@gmail.com,0,1,69702
ADAM,PIETRZAK,96062816958,CID00096,pietrzakadam@gmail.com,0,3,69714
MIROSŁAW,ADAMCZYK,81122143813,CID00097,adamczykmirosław@gmail.com,0,12,68382
SŁAWOMIR,KACZMAREK,961210992710,CID00098,kaczmareksławomir@gmail.com,0,3,71070
KRZYSZTOF,KAMIŃSKI,85090159694,CID00099,kamińskikrzysztof@gmail.com,1,10,77460
